diagnosis,n,age_mean,age_sd,female_n,male_n,mmse_mean,mmse_sd
AD,36,66.38888888888889,7.889514842146155,24,12,17.75,4.5
FTD,23,63.65217391304348,8.221969989840268,9,14,22.17391304347826,2.6397688244693542
CN,29,67.89655172413794,5.400693259640754,11,18,30.0,0.0
