{
  "analysis_role": "exploratory repeated nested AD/FTD/CN validation",
  "class_counts": {
    "AD": 35,
    "CN": 29,
    "FTD": 23
  },
  "classifier_choice_counts": {
    "ad_vs_ftd": {
      "LogisticRegression": 5,
      "SVC": 45
    },
    "dementia_vs_cn": {
      "LogisticRegression": 27,
      "SVC": 23
    },
    "paired_direct": {
      "LogisticRegression": 15,
      "SVC": 35
    },
    "resting_direct": {
      "LinearDiscriminantAnalysis": 11,
      "LogisticRegression": 26,
      "SVC": 13
    }
  },
  "inner_folds": 4,
  "models": {
    "paired_direct": {
      "accuracy": 0.5862068965517241,
      "balanced_accuracy": 0.5459413150567574,
      "confusion_matrix_rows_true": [
        [
          0.7142857142857143,
          0.11428571428571428,
          0.17142857142857143
        ],
        [
          0.06896551724137931,
          0.7931034482758621,
          0.13793103448275862
        ],
        [
          0.5652173913043478,
          0.30434782608695654,
          0.13043478260869565
        ]
      ],
      "ftd_auc_ci95": [
        0.3967391304347826,
        0.6290760869565217
      ],
      "ftd_auc_difference_ci95": [
        -0.06727241847826092,
        0.19021739130434778
      ],
      "ftd_auc_difference_vs_resting": 0.06046195652173919,
      "log_loss": 0.8512304961765087,
      "macro_auc_ci95": [
        0.6571233604345753,
        0.7893583221681362
      ],
      "macro_auc_difference_ci95": [
        -0.0012310045479344575,
        0.12221316064625427
      ],
      "macro_auc_difference_vs_resting": 0.060464665710911136,
      "macro_f1": 0.5211640211640212,
      "macro_roc_auc_ovr": 0.7238498119024989,
      "per_class_roc_auc_ovr": {
        "AD": 0.7527472527472527,
        "CN": 0.9072532699167657,
        "FTD": 0.5115489130434783
      }
    },
    "paired_hierarchical": {
      "accuracy": 0.6206896551724138,
      "balanced_accuracy": 0.5784536303276933,
      "confusion_matrix_rows_true": [
        [
          0.7428571428571429,
          0.17142857142857143,
          0.08571428571428572
        ],
        [
          0.10344827586206896,
          0.8620689655172413,
          0.034482758620689655
        ],
        [
          0.5652173913043478,
          0.30434782608695654,
          0.13043478260869565
        ]
      ],
      "ftd_auc_ci95": [
        0.5020210597826087,
        0.717391304347826
      ],
      "ftd_auc_difference_ci95": [
        -0.01154891304347827,
        0.33016304347826086
      ],
      "ftd_auc_difference_vs_resting": 0.16032608695652178,
      "log_loss": 0.8001058957037198,
      "macro_auc_ci95": [
        0.7225916206145933,
        0.8286165605384123
      ],
      "macro_auc_difference_ci95": [
        0.03515358873057322,
        0.19116974041872592
      ],
      "macro_auc_difference_vs_resting": 0.11316379750632455,
      "macro_f1": 0.5405311106803644,
      "macro_roc_auc_ovr": 0.7765489436979123,
      "per_class_roc_auc_ovr": {
        "AD": 0.8038461538461538,
        "CN": 0.9143876337693222,
        "FTD": 0.6114130434782609
      }
    },
    "paired_hybrid": {
      "accuracy": 0.6551724137931034,
      "balanced_accuracy": 0.610023559648747,
      "confusion_matrix_rows_true": [
        [
          0.8285714285714286,
          0.14285714285714285,
          0.02857142857142857
        ],
        [
          0.10344827586206896,
          0.8275862068965517,
          0.06896551724137931
        ],
        [
          0.5217391304347826,
          0.30434782608695654,
          0.17391304347826086
        ]
      ],
      "ftd_auc_ci95": [
        0.45108695652173914,
        0.6711956521739131
      ],
      "ftd_auc_difference_ci95": [
        -0.03872282608695654,
        0.2608695652173913
      ],
      "ftd_auc_difference_vs_resting": 0.11141304347826092,
      "log_loss": 0.8139700173827807,
      "macro_auc_ci95": [
        0.6946912763244657,
        0.8077852333691291
      ],
      "macro_auc_difference_ci95": [
        0.019916845216909316,
        0.15747953538388068
      ],
      "macro_auc_difference_vs_resting": 0.08915211539739798,
      "macro_f1": 0.5797684734393594,
      "macro_roc_auc_ovr": 0.7525372615889857,
      "per_class_roc_auc_ovr": {
        "AD": 0.7813186813186812,
        "CN": 0.9137931034482759,
        "FTD": 0.5625
      }
    },
    "resting_direct": {
      "accuracy": 0.5517241379310345,
      "balanced_accuracy": 0.5143713857357035,
      "confusion_matrix_rows_true": [
        [
          0.6285714285714286,
          0.2571428571428571,
          0.11428571428571428
        ],
        [
          0.10344827586206896,
          0.8275862068965517,
          0.06896551724137931
        ],
        [
          0.43478260869565216,
          0.4782608695652174,
          0.08695652173913043
        ]
      ],
      "ftd_auc_ci95": [
        0.3124830163043478,
        0.5957880434782609
      ],
      "ftd_auc_difference_vs_resting": 0.0,
      "log_loss": 0.9671988613791483,
      "macro_auc_ci95": [
        0.5819173703457101,
        0.7438078428902024
      ],
      "macro_auc_difference_vs_resting": 0.0,
      "macro_f1": 0.4717126444037623,
      "macro_roc_auc_ovr": 0.6633851461915877,
      "per_class_roc_auc_ovr": {
        "AD": 0.7412087912087912,
        "CN": 0.797859690844233,
        "FTD": 0.4510869565217391
      }
    }
  },
  "n_paired_features_available": 1985,
  "n_participants": 87,
  "n_resting_features_available": 333,
  "outer_folds": 5,
  "outer_repeats": 10
}
