{
  "ad_vs_ftd": {
    "box_count_fd": {
      "hedges_g": 0.2673338371465225,
      "mean_difference_ad_minus_ftd": 0.010105151889456142,
      "welch_p_unadjusted": 0.34802040073597484,
      "welch_t": 0.9504343710907391
    },
    "higuchi_fd": {
      "hedges_g": 0.4682365281765059,
      "mean_difference_ad_minus_ftd": 0.025726505118297095,
      "welch_p_unadjusted": 0.08780753101203793,
      "welch_t": 1.7457182562114935
    },
    "lempel_ziv": {
      "hedges_g": 0.30779058707345686,
      "mean_difference_ad_minus_ftd": 0.017000293886532403,
      "welch_p_unadjusted": 0.2805230270359916,
      "welch_t": 1.0950205515272868
    },
    "permutation_entropy": {
      "hedges_g": -0.1792269132425567,
      "mean_difference_ad_minus_ftd": -0.003914111016199484,
      "welch_p_unadjusted": 0.5254934182942651,
      "welch_t": -0.6408064552928592
    },
    "sample_entropy": {
      "hedges_g": -0.04715759053270427,
      "mean_difference_ad_minus_ftd": -0.004599617444622367,
      "welch_p_unadjusted": 0.8643398804636998,
      "welch_t": -0.17193310679864665
    }
  },
  "groups": {
    "box_count_fd": {
      "AD": {
        "mean": -0.008550649195234886,
        "median": -0.006640575679278449,
        "n": 36,
        "sd": 0.032487009268380565
      },
      "CN": {
        "mean": -0.01855715856936771,
        "median": -0.004845771099415197,
        "n": 29,
        "sd": 0.03362668570838308
      },
      "FTD": {
        "mean": -0.018655801084691028,
        "median": -0.02077700139631422,
        "n": 23,
        "sd": 0.04388266751604521
      }
    },
    "higuchi_fd": {
      "AD": {
        "mean": 0.04002393475606615,
        "median": 0.04748671823566908,
        "n": 36,
        "sd": 0.052469375177013416
      },
      "CN": {
        "mean": 0.0019360423577985243,
        "median": -0.0031897103605760257,
        "n": 29,
        "sd": 0.031311332522004055
      },
      "FTD": {
        "mean": 0.014297429637769057,
        "median": 0.0014810451755604692,
        "n": 23,
        "sd": 0.05688744118800654
      }
    },
    "lempel_ziv": {
      "AD": {
        "mean": 0.05269206184958194,
        "median": 0.05744113180169014,
        "n": 36,
        "sd": 0.04755465429063164
      },
      "CN": {
        "mean": 0.035091649892425414,
        "median": 0.03346963585295332,
        "n": 29,
        "sd": 0.04740639943652275
      },
      "FTD": {
        "mean": 0.035691767963049535,
        "median": 0.025328373077910693,
        "n": 23,
        "sd": 0.06402220163838913
      }
    },
    "permutation_entropy": {
      "AD": {
        "mean": 0.03011139441211768,
        "median": 0.029829281680224917,
        "n": 36,
        "sd": 0.0190405108571475
      },
      "CN": {
        "mean": 0.034687850304511984,
        "median": 0.02751868645634714,
        "n": 29,
        "sd": 0.020630684219500216
      },
      "FTD": {
        "mean": 0.034025505428317164,
        "median": 0.028347565892217208,
        "n": 23,
        "sd": 0.025029610529793543
      }
    },
    "sample_entropy": {
      "AD": {
        "mean": 0.0659304395524903,
        "median": 0.05691821019935911,
        "n": 36,
        "sd": 0.08899767500757041
      },
      "CN": {
        "mean": 0.06700119127189434,
        "median": 0.06792502696849023,
        "n": 29,
        "sd": 0.0894467730994405
      },
      "FTD": {
        "mean": 0.07053005699711266,
        "median": 0.05645993964274987,
        "n": 23,
        "sd": 0.10677300603544529
      }
    }
  }
}